Workbook

Sheet Overview
A1: October 5-31 Campus Placement Roadmap
A2: 27 days | exactly 2 DSA problems per day (54 total, Python) | CSE core first
A4: Start date (Day 1) | B4: 46300 | C4: Input: all dates in the workbook are calculated from this cell
A5: Legend | B5: Blue text = cells you edit. Black = formulas. Use the dropdowns in the Status / Yes-No columns.
A7: OCTOBER PROGRESS | B7: Done | C7: Target | D7: % complete
A8: DSA problems | B8: =COUNTIF('DSA Problems'!K:K,"Done") -> 0 | C8: =COUNTA('DSA Problems'!D2:D55) -> 54 | D8: =IF(C8>0,B8/C8,0) -> 0
A9: Days completed | B9: =COUNTIF('Day Map'!M:M,"Complete") -> 0 | C9: =COUNTA('Day Map'!A2:A28) -> 27 | D9: =IF(C9>0,B9/C9,0) -> 0
A10: DBMS questions | B10: ='Question Bank'!D2 -> 0 | C10: ='Question Bank'!B2 -> 30 | D10: =IF(C10>0,B10/C10,0) -> 0
A11: SQL questions | B11: ='Question Bank'!D3 -> 0 | C11: ='Question Bank'!B3 -> 25 | D11: =IF(C11>0,B11/C11,0) -> 0
A12: OS questions | B12: ='Question Bank'!D4 -> 0 | C12: ='Question Bank'!B4 -> 30 | D12: =IF(C12>0,B12/C12,0) -> 0
A13: CN questions | B13: ='Question Bank'!D5 -> 0 | C13: ='Question Bank'!B5 -> 30 | D13: =IF(C13>0,B13/C13,0) -> 0
A14: OOP questions | B14: ='Question Bank'!D6 -> 0 | C14: ='Question Bank'!B6 -> 25 | D14: =IF(C14>0,B14/C14,0) -> 0
A15: COA questions | B15: ='Question Bank'!D7 -> 0 | C15: ='Question Bank'!B7 -> 15 | D15: =IF(C15>0,B15/C15,0) -> 0
A16: Software Engineering questions | B16: ='Question Bank'!D8 -> 0 | C16: ='Question Bank'!B8 -> 15 | D16: =IF(C16>0,B16/C16,0) -> 0
A17: Python questions | B17: ='Question Bank'!D9 -> 0 | C17: ='Question Bank'!B9 -> 20 | D17: =IF(C17>0,B17/C17,0) -> 0
A18: Backend questions | B18: ='Question Bank'!D10 -> 0 | C18: ='Question Bank'!B10 -> 20 | D18: =IF(C18>0,B18/C18,0) -> 0
A20: Question targets: DBMS 30, OS 30, CN 30, OOP 25, COA 15, SE 15, SQL 25, Python 20, Backend 20 (from your brief). Enter questions you have answered in the Question Bank sheet.
A21: Redis, Kafka, Kubernetes, Jenkins, microservices, distributed systems: NOVEMBER - DO NOT STUDY DEEPLY YET.

Sheet Day Map
A1: Day | B1: Date | C1: Weekday | D1: Week | E1: Main subject | F1: CSE core / main topics | G1: Side track (SQL, Python, tools, backend) | H1: DSA pattern | I1: DSA done (of 2) | J1: CSE core done? | K1: Interview Qs reviewed? | L1: Practical done? | M1: Day status | N1: Notes
A2: 1 | B2: =Overview!$B$4+A2-1 -> 46300 | C2: =TEXT(B2,"ddd") -> Mon | D2: 1 | E2: DBMS | F2: DBMS basics: DBMS vs RDBMS, database vs table, schema, instance, data independence. Keys: primary, foreign, candidate, super, composite | G2: SQL: set up PostgreSQL, SELECT / WHERE / ORDER BY. Python: list, tuple, dict, set | H2: Arrays + Hashing | I2: =COUNTIFS('DSA Problems'!A:A,A2,'DSA Problems'!K:K,"Done") -> 0 | J2: No | K2: No | L2: No | M2: =IF(AND(I2=2,J2="Yes",K2="Yes",L2="Yes"),"Complete",IF(OR(I2>0,J2="Yes",K2="Yes",L2="Yes"),"In progress","Not started")) -> Not started
A3: 2 | B3: =Overview!$B$4+A3-1 -> 46301 | C3: =TEXT(B3,"ddd") -> Tue | D3: 1 | E3: DBMS | F3: Constraints: NOT NULL, UNIQUE, PRIMARY KEY, FOREIGN KEY, CHECK, DEFAULT. DDL vs DML | G3: SQL: CREATE TABLE with constraints. Python: mutable vs immutable | H3: Arrays + Hashing | I3: =COUNTIFS('DSA Problems'!A:A,A3,'DSA Problems'!K:K,"Done") -> 0 | J3: No | K3: No | L3: No | M3: =IF(AND(I3=2,J3="Yes",K3="Yes",L3="Yes"),"Complete",IF(OR(I3>0,J3="Yes",K3="Yes",L3="Yes"),"In progress","Not started")) -> Not started
A4: 3 | B4: =Overview!$B$4+A4-1 -> 46302 | C4: =TEXT(B4,"ddd") -> Wed | D4: 1 | E4: DBMS | F4: Functional dependency, 1NF, 2NF, 3NF, BCNF basics, denormalization | G4: SQL: aggregate functions, GROUP BY, HAVING. Python: functions (args, *args/**kwargs, scope) | H4: Arrays + Hashing | I4: =COUNTIFS('DSA Problems'!A:A,A4,'DSA Problems'!K:K,"Done") -> 0 | J4: No | K4: No | L4: No | M4: =IF(AND(I4=2,J4="Yes",K4="Yes",L4="Yes"),"Complete",IF(OR(I4>0,J4="Yes",K4="Yes",L4="Yes"),"In progress","Not started")) -> Not started
A5: 4 | B5: =Overview!$B$4+A5-1 -> 46303 | C5: =TEXT(B5,"ddd") -> Thu | D5: 1 | E5: DBMS | F5: JOINs (inner, left, right, full, self), subqueries | G5: Python: exception handling | H5: Arrays + Hashing | I5: =COUNTIFS('DSA Problems'!A:A,A5,'DSA Problems'!K:K,"Done") -> 0 | J5: No | K5: No | L5: No | M5: =IF(AND(I5=2,J5="Yes",K5="Yes",L5="Yes"),"Complete",IF(OR(I5>0,J5="Yes",K5="Yes",L5="Yes"),"In progress","Not started")) -> Not started | N5: SQL-heavy day
A6: 5 | B6: =Overview!$B$4+A6-1 -> 46304 | C6: =TEXT(B6,"ddd") -> Fri | D6: 1 | E6: DBMS | F6: Transaction, ACID (Atomicity, Consistency, Isolation, Durability) | G6: SQL: CASE, CTE. Python: iterators and generators | H6: Arrays + Hashing | I6: =COUNTIFS('DSA Problems'!A:A,A6,'DSA Problems'!K:K,"Done") -> 0 | J6: No | K6: No | L6: No | M6: =IF(AND(I6=2,J6="Yes",K6="Yes",L6="Yes"),"Complete",IF(OR(I6>0,J6="Yes",K6="Yes",L6="Yes"),"In progress","Not started")) -> Not started
A7: 6 | B7: =Overview!$B$4+A7-1 -> 46305 | C7: =TEXT(B7,"ddd") -> Sat | D7: 1 | E7: DBMS | F7: Concurrency: dirty read, non-repeatable read, phantom read, isolation levels, locks, deadlocks | G7: SQL: window functions. Python: decorators | H7: Strings + Two Pointers | I7: =COUNTIFS('DSA Problems'!A:A,A7,'DSA Problems'!K:K,"Done") -> 0 | J7: No | K7: No | L7: No | M7: =IF(AND(I7=2,J7="Yes",K7="Yes",L7="Yes"),"Complete",IF(OR(I7>0,J7="Yes",K7="Yes",L7="Yes"),"In progress","Not started")) -> Not started
A8: 7 | B8: =Overview!$B$4+A8-1 -> 46306 | C8: =TEXT(B8,"ddd") -> Sun | D8: 1 | E8: DBMS | F8: Indexing (why it helps, when it hurts, clustered vs non-clustered), views, stored procedures, triggers, SQL vs NoSQL | G8: Python: memory concepts | H8: Strings + Two Pointers | I8: =COUNTIFS('DSA Problems'!A:A,A8,'DSA Problems'!K:K,"Done") -> 0 | J8: No | K8: No | L8: No | M8: =IF(AND(I8=2,J8="Yes",K8="Yes",L8="Yes"),"Complete",IF(OR(I8>0,J8="Yes",K8="Yes",L8="Yes"),"In progress","Not started")) -> Not started | N8: WEEK 1 MOCK + revision (DSA, DBMS/SQL, Python)
A9: 8 | B9: =Overview!$B$4+A9-1 -> 46307 | C9: =TEXT(B9,"ddd") -> Mon | D9: 2 | E9: Operating Systems | F9: OS, kernel, user vs kernel mode, system calls. Process, process states, PCB | G9: SQL practice | H9: Strings + Two Pointers | I9: =COUNTIFS('DSA Problems'!A:A,A9,'DSA Problems'!K:K,"Done") -> 0 | J9: No | K9: No | L9: No | M9: =IF(AND(I9=2,J9="Yes",K9="Yes",L9="Yes"),"Complete",IF(OR(I9>0,J9="Yes",K9="Yes",L9="Yes"),"In progress","Not started")) -> Not started
A10: 9 | B10: =Overview!$B$4+A10-1 -> 46308 | C10: =TEXT(B10,"ddd") -> Tue | D10: 2 | E10: Operating Systems | F10: Thread, process vs thread, multithreading, user vs kernel threads. Context switching | G10: Linux: file system, permissions | H10: Sliding Window | I10: =COUNTIFS('DSA Problems'!A:A,A10,'DSA Problems'!K:K,"Done") -> 0 | J10: No | K10: No | L10: No | M10: =IF(AND(I10=2,J10="Yes",K10="Yes",L10="Yes"),"Complete",IF(OR(I10>0,J10="Yes",K10="Yes",L10="Yes"),"In progress","Not started")) -> Not started
A11: 10 | B11: =Overview!$B$4+A11-1 -> 46309 | C11: =TEXT(B11,"ddd") -> Wed | D11: 2 | E11: Operating Systems | F11: CPU scheduling: FCFS, SJF, Round Robin, priority. Waiting, turnaround, response time (numericals) | G11: SQL practice | H11: Sliding Window | I11: =COUNTIFS('DSA Problems'!A:A,A11,'DSA Problems'!K:K,"Done") -> 0 | J11: No | K11: No | L11: No | M11: =IF(AND(I11=2,J11="Yes",K11="Yes",L11="Yes"),"Complete",IF(OR(I11>0,J11="Yes",K11="Yes",L11="Yes"),"In progress","Not started")) -> Not started
A12: 11 | B12: =Overview!$B$4+A12-1 -> 46310 | C12: =TEXT(B12,"ddd") -> Thu | D12: 2 | E12: Operating Systems | F12: Race condition, critical section, mutex, semaphore, monitor basics. Mutex vs semaphore | G12: Linux: ps, top, kill | H12: Sliding Window | I12: =COUNTIFS('DSA Problems'!A:A,A12,'DSA Problems'!K:K,"Done") -> 0 | J12: No | K12: No | L12: No | M12: =IF(AND(I12=2,J12="Yes",K12="Yes",L12="Yes"),"Complete",IF(OR(I12>0,J12="Yes",K12="Yes",L12="Yes"),"In progress","Not started")) -> Not started
A13: 12 | B13: =Overview!$B$4+A13-1 -> 46311 | C13: =TEXT(B13,"ddd") -> Fri | D13: 2 | E13: Operating Systems | F13: Deadlock, four necessary conditions, prevention, avoidance, detection | G13: SQL practice | H13: Stack + Queue | I13: =COUNTIFS('DSA Problems'!A:A,A13,'DSA Problems'!K:K,"Done") -> 0 | J13: No | K13: No | L13: No | M13: =IF(AND(I13=2,J13="Yes",K13="Yes",L13="Yes"),"Complete",IF(OR(I13>0,J13="Yes",K13="Yes",L13="Yes"),"In progress","Not started")) -> Not started
A14: 13 | B14: =Overview!$B$4+A14-1 -> 46312 | C14: =TEXT(B14,"ddd") -> Sat | D14: 2 | E14: Operating Systems | F14: RAM, virtual memory, paging, page fault, segmentation basics | G14: Linux: pipes, grep | H14: Stack + Queue | I14: =COUNTIFS('DSA Problems'!A:A,A14,'DSA Problems'!K:K,"Done") -> 0 | J14: No | K14: No | L14: No | M14: =IF(AND(I14=2,J14="Yes",K14="Yes",L14="Yes"),"Complete",IF(OR(I14>0,J14="Yes",K14="Yes",L14="Yes"),"In progress","Not started")) -> Not started
A15: 14 | B15: =Overview!$B$4+A15-1 -> 46313 | C15: =TEXT(B15,"ddd") -> Sun | D15: 2 | E15: Operating Systems | F15: Page replacement (FIFO, LRU, Optimal), thrashing, OS revision (process vs thread, scheduling, deadlock) | G15: Python interview questions | H15: Stack + Queue | I15: =COUNTIFS('DSA Problems'!A:A,A15,'DSA Problems'!K:K,"Done") -> 0 | J15: No | K15: No | L15: No | M15: =IF(AND(I15=2,J15="Yes",K15="Yes",L15="Yes"),"Complete",IF(OR(I15>0,J15="Yes",K15="Yes",L15="Yes"),"In progress","Not started")) -> Not started | N15: WEEK 2 MOCK (adds OS)
A16: 15 | B16: =Overview!$B$4+A16-1 -> 46314 | C16: =TEXT(B16,"ddd") -> Mon | D16: 3 | E16: Computer Networks | F16: Network types, OSI model, TCP/IP model, layer responsibilities | G16: SQL practice | H16: Binary Search | I16: =COUNTIFS('DSA Problems'!A:A,A16,'DSA Problems'!K:K,"Done") -> 0 | J16: No | K16: No | L16: No | M16: =IF(AND(I16=2,J16="Yes",K16="Yes",L16="Yes"),"Complete",IF(OR(I16>0,J16="Yes",K16="Yes",L16="Yes"),"In progress","Not started")) -> Not started
A17: 16 | B17: =Overview!$B$4+A17-1 -> 46315 | C17: =TEXT(B17,"ddd") -> Tue | D17: 3 | E17: Computer Networks | F17: IPv4, IPv6, private vs public IP, MAC address, port numbers, sockets, DHCP, ARP | G17: Python interview questions | H17: Binary Search | I17: =COUNTIFS('DSA Problems'!A:A,A17,'DSA Problems'!K:K,"Done") -> 0 | J17: No | K17: No | L17: No | M17: =IF(AND(I17=2,J17="Yes",K17="Yes",L17="Yes"),"Complete",IF(OR(I17>0,J17="Yes",K17="Yes",L17="Yes"),"In progress","Not started")) -> Not started
A18: 17 | B18: =Overview!$B$4+A18-1 -> 46316 | C18: =TEXT(B18,"ddd") -> Wed | D18: 3 | E18: Computer Networks | F18: TCP, UDP, TCP vs UDP, three-way handshake, four-way termination, flow control, congestion control basics | G18: SQL practice | H18: Binary Search | I18: =COUNTIFS('DSA Problems'!A:A,A18,'DSA Problems'!K:K,"Done") -> 0 | J18: No | K18: No | L18: No | M18: =IF(AND(I18=2,J18="Yes",K18="Yes",L18="Yes"),"Complete",IF(OR(I18>0,J18="Yes",K18="Yes",L18="Yes"),"In progress","Not started")) -> Not started
A19: 18 | B19: =Overview!$B$4+A19-1 -> 46317 | C19: =TEXT(B19,"ddd") -> Thu | D19: 3 | E19: Computer Networks | F19: DNS resolution, HTTP, HTTPS, FTP, SMTP. What happens when you enter a URL in a browser | G19: SQL practice | H19: Linked List | I19: =COUNTIFS('DSA Problems'!A:A,A19,'DSA Problems'!K:K,"Done") -> 0 | J19: No | K19: No | L19: No | M19: =IF(AND(I19=2,J19="Yes",K19="Yes",L19="Yes"),"Complete",IF(OR(I19>0,J19="Yes",K19="Yes",L19="Yes"),"In progress","Not started")) -> Not started
A20: 19 | B20: =Overview!$B$4+A20-1 -> 46318 | C20: =TEXT(B20,"ddd") -> Fri | D20: 3 | E20: Computer Networks | F20: HTTP methods, status codes, cookies, sessions, TLS/SSL, REST, WebSockets, CORS | G20: Backend interview questions begin | H20: Linked List | I20: =COUNTIFS('DSA Problems'!A:A,A20,'DSA Problems'!K:K,"Done") -> 0 | J20: No | K20: No | L20: No | M20: =IF(AND(I20=2,J20="Yes",K20="Yes",L20="Yes"),"Complete",IF(OR(I20>0,J20="Yes",K20="Yes",L20="Yes"),"In progress","Not started")) -> Not started
A21: 20 | B21: =Overview!$B$4+A21-1 -> 46319 | C21: =TEXT(B21,"ddd") -> Sat | D21: 3 | E21: OOP | F21: Class, object, encapsulation, abstraction, inheritance, polymorphism (compile-time vs runtime), overloading, overriding, constructor | G21: Python OOP | H21: Linked List | I21: =COUNTIFS('DSA Problems'!A:A,A21,'DSA Problems'!K:K,"Done") -> 0 | J21: No | K21: No | L21: No | M21: =IF(AND(I21=2,J21="Yes",K21="Yes",L21="Yes"),"Complete",IF(OR(I21>0,J21="Yes",K21="Yes",L21="Yes"),"In progress","Not started")) -> Not started
A22: 21 | B22: =Overview!$B$4+A22-1 -> 46320 | C22: =TEXT(B22,"ddd") -> Sun | D22: 3 | E22: OOP | F22: Interface, abstract class, composition, aggregation, association, SOLID, coupling, cohesion. Top 20 OOP questions | G22: Python OOP | H22: Trees + Heap | I22: =COUNTIFS('DSA Problems'!A:A,A22,'DSA Problems'!K:K,"Done") -> 0 | J22: No | K22: No | L22: No | M22: =IF(AND(I22=2,J22="Yes",K22="Yes",L22="Yes"),"Complete",IF(OR(I22>0,J22="Yes",K22="Yes",L22="Yes"),"In progress","Not started")) -> Not started | N22: WEEK 3 MOCK (adds CN, OOP)
A23: 22 | B23: =Overview!$B$4+A23-1 -> 46321 | C23: =TEXT(B23,"ddd") -> Mon | D23: 4 | E23: COA | F23: CPU, ALU, control unit, registers, instruction cycle, CPU clock, interrupts, RISC vs CISC | G23: Git + GitHub | H23: Trees + Heap | I23: =COUNTIFS('DSA Problems'!A:A,A23,'DSA Problems'!K:K,"Done") -> 0 | J23: No | K23: No | L23: No | M23: =IF(AND(I23=2,J23="Yes",K23="Yes",L23="Yes"),"Complete",IF(OR(I23>0,J23="Yes",K23="Yes",L23="Yes"),"In progress","Not started")) -> Not started
A24: 23 | B24: =Overview!$B$4+A24-1 -> 46322 | C24: =TEXT(B24,"ddd") -> Tue | D24: 4 | E24: COA + Software Engineering | F24: COA: memory hierarchy, L1/L2/L3 cache, RAM, ROM, virtual memory link. SE: SDLC, Agile, Scrum, Waterfall | G24: Python interview questions | H24: Trees + Heap | I24: =COUNTIFS('DSA Problems'!A:A,A24,'DSA Problems'!K:K,"Done") -> 0 | J24: No | K24: No | L24: No | M24: =IF(AND(I24=2,J24="Yes",K24="Yes",L24="Yes"),"Complete",IF(OR(I24>0,J24="Yes",K24="Yes",L24="Yes"),"In progress","Not started")) -> Not started
A25: 24 | B25: =Overview!$B$4+A25-1 -> 46323 | C25: =TEXT(B25,"ddd") -> Wed | D25: 4 | E25: Software Engineering | F25: Requirements (functional vs non-functional), unit / integration / system / regression testing, version control, CI/CD basics, code review, debugging | G25: pytest, Docker basics | H25: Graph Basics | I25: =COUNTIFS('DSA Problems'!A:A,A25,'DSA Problems'!K:K,"Done") -> 0 | J25: No | K25: No | L25: No | M25: =IF(AND(I25=2,J25="Yes",K25="Yes",L25="Yes"),"Complete",IF(OR(I25>0,J25="Yes",K25="Yes",L25="Yes"),"In progress","Not started")) -> Not started
A26: 25 | B26: =Overview!$B$4+A26-1 -> 46324 | C26: =TEXT(B26,"ddd") -> Thu | D26: 4 | E26: Backend basics | F26: Client-server, REST, HTTP, CRUD, API, request/response, JSON | G26: Postman, first FastAPI endpoints | H26: Graph Basics | I26: =COUNTIFS('DSA Problems'!A:A,A26,'DSA Problems'!K:K,"Done") -> 0 | J26: No | K26: No | L26: No | M26: =IF(AND(I26=2,J26="Yes",K26="Yes",L26="Yes"),"Complete",IF(OR(I26>0,J26="Yes",K26="Yes",L26="Yes"),"In progress","Not started")) -> Not started
A27: 26 | B27: =Overview!$B$4+A27-1 -> 46325 | C27: =TEXT(B27,"ddd") -> Fri | D27: 4 | E27: Backend basics | F27: Authentication basics, JWT basics, API design, basic API architecture. FastAPI + PostgreSQL. Project questions | G27: Full revision of all subjects | H27: Mixed revision | I27: =COUNTIFS('DSA Problems'!A:A,A27,'DSA Problems'!K:K,"Done") -> 0 | J27: No | K27: No | L27: No | M27: =IF(AND(I27=2,J27="Yes",K27="Yes",L27="Yes"),"Complete",IF(OR(I27>0,J27="Yes",K27="Yes",L27="Yes"),"In progress","Not started")) -> Not started | N27: Heaviest day. If needed, move JWT/auth to Day 25
A28: 27 | B28: =Overview!$B$4+A28-1 -> 46326 | C28: =TEXT(B28,"ddd") -> Sat | D28: 4 | E28: FINAL ASSESSMENT | F28: No new material. 9-round campus-style assessment: DSA (2 timed), DBMS 10, OS 10, CN 10, OOP 10, SQL 5 problems, Python 10, Backend 10, Project 5 | G28: None | H28: Mixed (timed) | I28: =COUNTIFS('DSA Problems'!A:A,A28,'DSA Problems'!K:K,"Done") -> 0 | J28: No | K28: No | L28: No | M28: =IF(AND(I28=2,J28="Yes",K28="Yes",L28="Yes"),"Complete",IF(OR(I28>0,J28="Yes",K28="Yes",L28="Yes"),"In progress","Not started")) -> Not started | N28: WEEK 4 MOCK = final assessment. Fill the Scorecard sheet

Sheet DSA Problems
A1: Day | B1: Date | C1: Slot | D1: Problem | E1: LeetCode # | F1: Difficulty | G1: Pattern | H1: Expected time (min) | I1: Why it matters | J1: Priority | K1: Status | L1: One-line takeaway
A2: 1 | B2: =INDEX('Day Map'!$B$2:$B$28,MATCH(A2,'Day Map'!$A$2:$A$28,0)) -> 46300 | C2: Problem 1 | D2: Two Sum | E2: 1 | F2: Easy | G2: Hash map | H2: 15 | I2: Foundation of the hash-map lookup trick; asked everywhere | J2: High | K2: Not started
A3: 1 | B3: =INDEX('Day Map'!$B$2:$B$28,MATCH(A3,'Day Map'!$A$2:$A$28,0)) -> 46300 | C3: Problem 2 | D3: Contains Duplicate | E3: 217 | F3: Easy | G3: Hash set | H3: 10 | I3: Quickest intro to set membership | J3: Medium | K3: Not started
A4: 2 | B4: =INDEX('Day Map'!$B$2:$B$28,MATCH(A4,'Day Map'!$A$2:$A$28,0)) -> 46301 | C4: Problem 1 | D4: Valid Anagram | E4: 242 | F4: Easy | G4: Frequency count | H4: 10 | I4: Frequency pattern reused in strings and windows | J4: High | K4: Not started
A5: 2 | B5: =INDEX('Day Map'!$B$2:$B$28,MATCH(A5,'Day Map'!$A$2:$A$28,0)) -> 46301 | C5: Problem 2 | D5: Majority Element | E5: 169 | F5: Easy | G5: Frequency / Boyer-Moore | H5: 15 | I5: Compares a hash map with the O(1)-space voting trick | J5: Medium | K5: Not started
A6: 3 | B6: =INDEX('Day Map'!$B$2:$B$28,MATCH(A6,'Day Map'!$A$2:$A$28,0)) -> 46302 | C6: Problem 1 | D6: Best Time to Buy and Sell Stock | E6: 121 | F6: Easy | G6: One pass / running min | H6: 15 | I6: Classic max-profit idea; groundwork for DP | J6: High | K6: Not started
A7: 3 | B7: =INDEX('Day Map'!$B$2:$B$28,MATCH(A7,'Day Map'!$A$2:$A$28,0)) -> 46302 | C7: Problem 2 | D7: Maximum Subarray | E7: 53 | F7: Medium | G7: Kadane | H7: 25 | I7: Most-asked array greedy/DP idea | J7: High | K7: Not started
A8: 4 | B8: =INDEX('Day Map'!$B$2:$B$28,MATCH(A8,'Day Map'!$A$2:$A$28,0)) -> 46303 | C8: Problem 1 | D8: Range Sum Query - Immutable | E8: 303 | F8: Easy | G8: Prefix sum | H8: 15 | I8: Prefix sums power range queries | J8: High | K8: Not started
A9: 4 | B9: =INDEX('Day Map'!$B$2:$B$28,MATCH(A9,'Day Map'!$A$2:$A$28,0)) -> 46303 | C9: Problem 2 | D9: Subarray Sum Equals K | E9: 560 | F9: Medium | G9: Prefix sum + hash map | H9: 30 | I9: Top interview pattern combining two ideas | J9: High | K9: Not started
A10: 5 | B10: =INDEX('Day Map'!$B$2:$B$28,MATCH(A10,'Day Map'!$A$2:$A$28,0)) -> 46304 | C10: Problem 1 | D10: Move Zeroes | E10: 283 | F10: Easy | G10: In-place array manipulation | H10: 15 | I10: In-place rewriting with a write pointer | J10: Medium | K10: Not started
A11: 5 | B11: =INDEX('Day Map'!$B$2:$B$28,MATCH(A11,'Day Map'!$A$2:$A$28,0)) -> 46304 | C11: Problem 2 | D11: Group Anagrams | E11: 49 | F11: Medium | G11: Hashing with canonical key | H11: 25 | I11: Teaches designing a hash key | J11: High | K11: Not started
A12: 6 | B12: =INDEX('Day Map'!$B$2:$B$28,MATCH(A12,'Day Map'!$A$2:$A$28,0)) -> 46305 | C12: Problem 1 | D12: Valid Palindrome | E12: 125 | F12: Easy | G12: Two pointers (strings) | H12: 10 | I12: Basic converging pointers on strings | J12: Medium | K12: Not started
A13: 6 | B13: =INDEX('Day Map'!$B$2:$B$28,MATCH(A13,'Day Map'!$A$2:$A$28,0)) -> 46305 | C13: Problem 2 | D13: Longest Common Prefix | E13: 14 | F13: Easy | G13: String scan | H13: 15 | I13: String traversal fundamentals | J13: Low | K13: Not started
... A55: 27 | B55: =INDEX('Day Map'!$B$2:$B$28,MATCH(A55,'Day Map'!$A$2:$A$28,0)) -> 46326 | C55: Problem 2 | D55: Longest Consecutive Sequence | E55: 128 | F55: Medium | G55: Hash set | H55: 30 | I55: Final timed round; hash-set trick | J55: High | K55: Not started
D57: Total problems | E57: =COUNTA(D2:D55) -> 54
D58: Solved | E58: =COUNTIF(K2:K55,"Done") -> 0
D59: Easy / Medium | E59: =COUNTIF(F2:F55,"Easy")&" / "&COUNTIF(F2:F55,"Medium") -> 20 / 34
D61: Expected times are my estimates for a first attempt. Days 26-27 are default picks: swap them for your weakest patterns on Day 25 night.

Sheet Question Bank
A1: Subject | B1: Target questions | C1: Introduced on | D1: Questions done | E1: % done | F1: Notes
A2: DBMS | B2: 30 | C2: Days 1-7 | D2: 0 | E2: =IF(B2>0,D2/B2,0) -> 0
A3: SQL | B3: 25 | C3: Days 3-7, then practice days | D3: 0 | E3: =IF(B3>0,D3/B3,0) -> 0
A4: OS | B4: 30 | C4: Days 8-14 | D4: 0 | E4: =IF(B4>0,D4/B4,0) -> 0
A5: CN | B5: 30 | C5: Days 15-19 | D5: 0 | E5: =IF(B5>0,D5/B5,0) -> 0
A6: OOP | B6: 25 | C6: Days 20-21 | D6: 0 | E6: =IF(B6>0,D6/B6,0) -> 0
A7: COA | B7: 15 | C7: Days 22-23 | D7: 0 | E7: =IF(B7>0,D7/B7,0) -> 0
A8: Software Engineering | B8: 15 | C8: Days 23-24 | D8: 0 | E8: =IF(B8>0,D8/B8,0) -> 0
A9: Python | B9: 20 | C9: Days 1-7, 14, 16, 20-21, 23 | D9: 0 | E9: =IF(B9>0,D9/B9,0) -> 0
A10: Backend | B10: 20 | C10: Days 19, 25-26 | D10: 0 | E10: =IF(B10>0,D10/B10,0) -> 0
A11: Total | B11: =SUM(B2:B10) -> 210 | D11: =SUM(D2:D10) -> 0 | E11: =IF(B11>0,D11/B11,0) -> 0
A13: Each day shows 3-5 new questions from that day's subject; the extras land in weekend revision. Targets come from your brief.

Sheet Scorecard
A1: Mock tests and final assessment
A3: Strong at or above | B3: 75 | C3: Assumption: these cut-offs are my default; change them to suit you. Below the second cut-off = Weak.
A4: Needs revision at or above | B4: 50
A6: Mock | B6: Date | C6: Covers | D6: Score (/100) | E6: Status | F6: Weak areas / notes
A7: Week 1 mock | B7: =Overview!$B$4+6 -> 46306 | C7: DSA 2 unseen, DBMS/SQL 10 Qs, Python 5 Qs | E7: =IF(D7="","",IF(D7>=$B$3,"🟢 Strong",IF(D7>=$B$4,"🟠 Needs revision","🔴 Weak")))
A8: Week 2 mock | B8: =Overview!$B$4+13 -> 46313 | C8: DSA 2 unseen, DBMS/SQL 10, OS 10, Python 5 | E8: =IF(D8="","",IF(D8>=$B$3,"🟢 Strong",IF(D8>=$B$4,"🟠 Needs revision","🔴 Weak")))
A9: Week 3 mock | B9: =Overview!$B$4+20 -> 46320 | C9: DSA 2 unseen, DBMS/SQL 10, OS 10, CN 10, OOP 5, Python 5 | E9: =IF(D9="","",IF(D9>=$B$3,"🟢 Strong",IF(D9>=$B$4,"🟠 Needs revision","🔴 Weak")))
A10: Week 4 = Final assessment | B10: =Overview!$B$4+26 -> 46326 | C10: All 9 rounds (see below) | E10: =IF(D10="","",IF(D10>=$B$3,"🟢 Strong",IF(D10>=$B$4,"🟠 Needs revision","🔴 Weak")))
A13: Mock DSA problems are that day's 2 problems, solved timed, so the daily count stays at 2. Mocks cover only subjects studied so far.
A15: OCTOBER 31 FINAL SCORECARD
A16: Subject | B16: Round (Oct 31) | D16: Score (/100) | E16: Status | F16: Notes
A17: DSA | B17: Round 1: 2 timed problems | E17: =IF(D17="","",IF(D17>=$B$3,"🟢 Strong",IF(D17>=$B$4,"🟠 Needs revision","🔴 Weak")))
A18: DBMS | B18: Round 2: 10 questions | E18: =IF(D18="","",IF(D18>=$B$3,"🟢 Strong",IF(D18>=$B$4,"🟠 Needs revision","🔴 Weak")))
A19: SQL | B19: Round 6: 5 problems | E19: =IF(D19="","",IF(D19>=$B$3,"🟢 Strong",IF(D19>=$B$4,"🟠 Needs revision","🔴 Weak")))
A20: OS | B20: Round 3: 10 questions | E20: =IF(D20="","",IF(D20>=$B$3,"🟢 Strong",IF(D20>=$B$4,"🟠 Needs revision","🔴 Weak")))
A21: CN | B21: Round 4: 10 questions | E21: =IF(D21="","",IF(D21>=$B$3,"🟢 Strong",IF(D21>=$B$4,"🟠 Needs revision","🔴 Weak")))
A22: OOP | B22: Round 5: 10 questions | E22: =IF(D22="","",IF(D22>=$B$3,"🟢 Strong",IF(D22>=$B$4,"🟠 Needs revision","🔴 Weak")))
A23: COA | B23: Covered through DBMS/OS rounds and revision | E23: =IF(D23="","",IF(D23>=$B$3,"🟢 Strong",IF(D23>=$B$4,"🟠 Needs revision","🔴 Weak")))
A24: Python | B24: Round 7: 10 questions | E24: =IF(D24="","",IF(D24>=$B$3,"🟢 Strong",IF(D24>=$B$4,"🟠 Needs revision","🔴 Weak")))
A25: Backend | B25: Round 8: 10 questions | E25: =IF(D25="","",IF(D25>=$B$3,"🟢 Strong",IF(D25>=$B$4,"🟠 Needs revision","🔴 Weak")))
A27: Average score | D27: =IF(COUNT(D17:D25)=0,"",AVERAGE(D17:D25))
A28: Round 9 (Project, 5 questions) is a separate round and is not part of the 9-subject scorecard.

Sheet Plan Notes
A1: How the month is divided
A3: Week | B3: Dates | C3: Main subject | D3: Side track
A4: Week 1 | B4: Oct 5-11 | C4: DBMS | D4: SQL (basics to window functions), Python fundamentals
A5: Week 2 | B5: Oct 12-18 | C5: Operating Systems | D5: Linux basics, SQL practice
A6: Week 3 | B6: Oct 19-25 | C6: Computer Networks, then OOP | D6: Python OOP, REST/HTTP overlap
A7: Week 4 | B7: Oct 26-31 | C7: COA, Software Engineering, Backend basics | D7: Git, pytest, Docker, Postman, FastAPI + PostgreSQL
A9: Daily rhythm | B9: Time
A10: 2 DSA problems | B10: ~2 h
A11: CSE core (day's subject) | B11: ~2 h
A12: Side track (SQL, Python, tools, backend) | B12: 45-60 min
A13: Interview questions + revision + recall | B13: ~45 min
A14: About 5.5-6 hours in total; scale it down as your college schedule requires.
A16: Decisions made where the brief conflicted
A17: 1. Mock-test DSA problems are that day's 2 problems, solved timed, so the count stays exactly 2 per day (54 total).
A18: 2. Each mock covers only the subjects studied so far: Week 1 = DSA, DBMS/SQL, Python; Week 2 adds OS; Week 3 adds CN and OOP.
A19: 3. DSA day ranges from your brief take priority over the weekly focus text: Stack/Queue falls in Week 2 (Days 12-14), Trees start on Day 21.
A20: 4. Days 26-27 DSA are default picks; swap them for weak areas on Day 25 night.
A21: 5. OOP gets two days (20-21); OOP questions are added to Week 4 daily revision.
A22: 6. Day 26 is the heaviest day. If needed, move JWT/auth basics to Day 25.
A23: 7. Redis, Kafka, Kubernetes, Jenkins, microservices, distributed systems: NOVEMBER - DO NOT STUDY DEEPLY YET.
